{
	"table": {
		"tground_effect_factor_lift": {
			"x0:h_b_mac_ft": [  0.0000,  0.1000,  0.1500,  0.2000,  0.3000,  0.4000,  0.5000,  0.6000,  0.7000,  0.8000,  0.9000,  1.0000,  1.1000],
			"data": [  1.203000,  1.127000,  1.090000,  1.073000,  1.046000,  1.055000,  1.019000,  1.013000,  1.008000,  1.006000,  1.003000,  1.002000,  1.000000]
		},
		"tground_effect_factor_drag": {
			"x0:h_b_mac_ft": [  0.0000,  0.1000,  0.1500,  0.2000,  0.3000,  0.4000,  0.5000,  0.6000,  0.7000,  0.8000,  0.9000,  1.0000,  1.1000],
			"data": [  0.480000,  0.515000,  0.629000,  0.709000,  0.815000,  0.882000,  0.928000,  0.962000,  0.988000,  1.000000,  1.000000,  1.000000,  1.000000]
		},
		"tCLwbh": {
			"x0:alpha_rad": [ -0.1047, -0.0698, -0.0349,  0.0000,  0.0349,  0.0698,  0.1396,  0.1571,  0.1745,  0.2094],
			"data": [ -0.177200, -0.007388,  0.163600,  0.339300,  0.521300,  0.709900,  1.102000,  1.201000,  1.288000,  1.433000]
		},
		"tCLq": {
			"x0:alpha_rad": [ -0.1047, -0.0698, -0.0349,  0.0000,  0.0349,  0.0698,  0.1396,  0.1571,  0.1745,  0.2094],
			"data": [  5.024000,  5.024000,  5.024000,  5.024000,  5.024000,  5.024000,  5.024000,  5.024000,  5.024000,  5.024000]
		},
		"tCLad": {
			"x0:alpha_rad": [ -0.1047, -0.0698, -0.0349,  0.0000,  0.0349,  0.0698,  0.1396,  0.1571,  0.1745,  0.2094],
			"data": [  1.505000,  1.388000,  1.349000,  1.397000,  1.519000,  1.647000,  1.673000,  1.632000,  1.519000,  1.342000]
		},
		"tCLdF1L": {
			"x0:flap_pos_deg": [-20.0000,-15.0000,-10.0000, -5.0000,  0.0000,  5.0000, 10.0000, 13.0000, 16.0000],
			"data": [ -0.033860, -0.031150, -0.021410, -0.010700,  0.000000,  0.010700,  0.021410,  0.027540,  0.032720]
		},
		"tCLdF1R": {
			"x0:flap_pos_deg": [-20.0000,-15.0000,-10.0000, -5.0000,  0.0000,  5.0000, 10.0000, 13.0000, 16.0000],
			"data": [ -0.033860, -0.031150, -0.021410, -0.010700,  0.000000,  0.010700,  0.021410,  0.027540,  0.032720]
		},
		"tCLDe": {
			"x0:elevator_pos_rad": [ -0.3491, -0.2618, -0.1745, -0.0873,  0.0000,  0.0873,  0.1745,  0.2269,  0.2793],
			"data": [ -0.067710, -0.062300, -0.042820, -0.021410,  0.000043,  0.021410,  0.042820,  0.055070,  0.065440]
		},
		"tCD": {
			"x0:alpha_rad": [ -0.1047, -0.0698, -0.0349,  0.0000,  0.0349,  0.0698,  0.1396,  0.1571,  0.1745,  0.2094],
			"data": [  0.027710,  0.024760,  0.026450,  0.033280,  0.045250,  0.062790,  0.115500,  0.132300,  0.147000,  0.175000]
		},
		"tCdDf1L": {
			"x0:alpha_deg": [ -6.0000, -4.0000, -2.0000,  0.0000,  2.0000,  4.0000,  8.0000,  9.0000, 10.0000, 12.0000],
			"x1:flap_pos_deg": [-20.0000,-15.0000,-10.0000, -5.0000,  0.0000,  5.0000, 10.0000, 13.0000, 16.0000],
			"data": [
			  0.002068,  0.001845,  0.001634,  0.001423,  0.001212,  0.001001,  0.000566,  0.000448,  0.000324,  0.000019,
			  0.001070,  0.000929,  0.000794,  0.000661,  0.000527,  0.000394,  0.000117,  0.000043, -0.000036, -0.000229,
			 -0.000001, -0.000001, -0.000000, -0.000000, -0.000000,  0.000000,  0.000000,  0.000000,  0.000000,  0.000001,
			 -0.000233, -0.000092,  0.000042,  0.000176,  0.000310,  0.000443,  0.000719,  0.000794,  0.000873,  0.001066,
			  0.000000,  0.000000,  0.000000,  0.000000,  0.000000,  0.000000,  0.000000,  0.000000,  0.000000,  0.000000,
			  0.000000,  0.000000,  0.000000,  0.000000,  0.000000,  0.000000,  0.000000,  0.000000,  0.000000,  0.000000,
			  0.000000,  0.000000,  0.000000,  0.000000,  0.000000,  0.000000,  0.000000,  0.000000,  0.000000,  0.000000,
			  0.000000,  0.000000,  0.000000,  0.000000,  0.000000,  0.000000,  0.000000,  0.000000,  0.000000,  0.000000,
			  0.000000,  0.000000,  0.000000,  0.000000,  0.000000,  0.000000,  0.000000,  0.000000,  0.000000,  0.000000
			]
		},
		"tCdDf1R": {
			"x0:alpha_deg": [ -6.0000, -4.0000, -2.0000,  0.0000,  2.0000,  4.0000,  8.0000,  9.0000, 10.0000, 12.0000],
			"x1:flap_pos_deg": [-20.0000,-15.0000,-10.0000, -5.0000,  0.0000,  5.0000, 10.0000, 13.0000, 16.0000],
			"data": [
			  0.002068,  0.001845,  0.001634,  0.001423,  0.001212,  0.001001,  0.000566,  0.000448,  0.000324,  0.000019,
			  0.001070,  0.000929,  0.000794,  0.000661,  0.000527,  0.000394,  0.000117,  0.000043, -0.000036, -0.000229,
			 -0.000001, -0.000001, -0.000000, -0.000000, -0.000000,  0.000000,  0.000000,  0.000000,  0.000000,  0.000001,
			 -0.000233, -0.000092,  0.000042,  0.000176,  0.000310,  0.000443,  0.000719,  0.000794,  0.000873,  0.001066,
			  0.000000,  0.000000,  0.000000,  0.000000,  0.000000,  0.000000,  0.000000,  0.000000,  0.000000,  0.000000,
			  0.000000,  0.000000,  0.000000,  0.000000,  0.000000,  0.000000,  0.000000,  0.000000,  0.000000,  0.000000,
			  0.000000,  0.000000,  0.000000,  0.000000,  0.000000,  0.000000,  0.000000,  0.000000,  0.000000,  0.000000,
			  0.000000,  0.000000,  0.000000,  0.000000,  0.000000,  0.000000,  0.000000,  0.000000,  0.000000,  0.000000,
			  0.000000,  0.000000,  0.000000,  0.000000,  0.000000,  0.000000,  0.000000,  0.000000,  0.000000,  0.000000
			]
		},
		"tCdDe": {
			"x0:alpha_rad": [ -0.1047, -0.0698, -0.0349,  0.0000,  0.0349,  0.0698,  0.1396,  0.1571,  0.1745,  0.2094],
			"x1:elevator_pos_rad": [ -0.3491, -0.2618, -0.1745, -0.0873,  0.0000,  0.0873,  0.1745,  0.2269,  0.2793],
			"data": [
			  0.004136,  0.003691,  0.003267,  0.002845,  0.002425,  0.002003,  0.001132,  0.000896,  0.000649,  0.000038,
			  0.003661,  0.003251,  0.002861,  0.002471,  0.002084,  0.001695,  0.000893,  0.000675,  0.000447, -0.000116,
			  0.002140,  0.001857,  0.001589,  0.001321,  0.001055,  0.000787,  0.000235,  0.000085, -0.000071, -0.000459,
			  0.000861,  0.000719,  0.000585,  0.000451,  0.000318,  0.000184, -0.000092, -0.000167, -0.000245, -0.000439,
			 -0.000001, -0.000001, -0.000001, -0.000000, -0.000000,  0.000000,  0.000001,  0.000001,  0.000001,  0.000001,
			 -0.000442, -0.000301, -0.000167, -0.000033,  0.000100,  0.000234,  0.000510,  0.000585,  0.000663,  0.000857,
			 -0.000466, -0.000183,  0.000085,  0.000353,  0.000619,  0.000887,  0.001439,  0.001589,  0.001745,  0.002133,
			 -0.000292,  0.000071,  0.000416,  0.000761,  0.001103,  0.001448,  0.002157,  0.002350,  0.002551,  0.003049,
			 -0.000040,  0.000391,  0.000801,  0.001209,  0.001616,  0.002024,  0.002867,  0.003095,  0.003334,  0.003925
			]
		},
		"tCyb": {
			"x0:alpha_rad": [ -0.1047, -0.0698, -0.0349,  0.0000,  0.0349,  0.0698,  0.1396,  0.1571,  0.1745,  0.2094],
			"data": [ -0.189100, -0.189100, -0.189100, -0.189100, -0.189100, -0.189100, -0.189100, -0.189100, -0.189100, -0.189100]
		},
		"tCyp": {
			"x0:alpha_rad": [ -0.1047, -0.0698, -0.0349,  0.0000,  0.0349,  0.0698,  0.1396,  0.1571,  0.1745,  0.2094],
			"data": [  0.000447, -0.009789, -0.020280, -0.031090, -0.042200, -0.053630, -0.077410, -0.085890, -0.094680, -0.105800]
		},
		"tClb": {
			"x0:alpha_rad": [ -0.1047, -0.0698, -0.0349,  0.0000,  0.0349,  0.0698,  0.1396,  0.1571,  0.1745,  0.2094],
			"data": [ -0.018200, -0.024250, -0.030440, -0.036840, -0.043480, -0.050400, -0.064740, -0.068380, -0.071550, -0.076850]
		},
		"tClp": {
			"x0:alpha_rad": [ -0.1047, -0.0698, -0.0349,  0.0000,  0.0349,  0.0698,  0.1396,  0.1571,  0.1745,  0.2094],
			"data": [ -0.390200, -0.406800, -0.426000, -0.445900, -0.462500, -0.474800, -0.489600, -0.442700, -0.374000, -0.292600]
		},
		"tClr": {
			"x0:alpha_rad": [ -0.1047, -0.0698, -0.0349,  0.0000,  0.0349,  0.0698,  0.1396,  0.1571,  0.1745,  0.2094],
			"data": [ -0.015140,  0.017570,  0.051710,  0.087660,  0.125100,  0.163700,  0.242900,  0.262900,  0.278800,  0.305200]
		},
		"tClDs4": {
			"x0:left_aileron_pos_rad": [ -1.1170, -0.6981, -0.3491, -0.1745,  0.0000,  0.1745,  0.3491,  0.6981,  1.1170],
			"data": [ -0.075250, -0.062600, -0.036110, -0.018050,  0.000000,  0.018050,  0.036110,  0.062600,  0.075250]
		},
		"tCm_basic": {
			"x0:alpha_rad": [ -0.1047, -0.0698, -0.0349,  0.0000,  0.0349,  0.0698,  0.1396,  0.1571,  0.1745,  0.2094],